{"cameraMode":{"drawMode":0,"name":"Shaded","section":"Shading Mode"},"sceneLighting":true,"audioPlay":false,"sceneViewState":{"m_AlwaysRefresh":false,"showFog":true,"showSkybox":true,"showFlares":true,"showImageEffects":true,"showParticleSystems":true,"showVisualEffectGraphs":true,"m_FxEnabled":true},"in2DMode":false,"pivot":{"x":5.146843910217285,"y":0.5616458058357239,"z":-11.241207122802735},"rotation":{"x":0.1260111778974533,"y":-0.176094651222229,"z":0.022739630192518235,"w":0.9760192036628723},"size":1.2247446775436402,"orthographic":false}